name,category,count_of_reviews,overall_score,release,developer,game_tag,price,platform
Stardew Valley,Indie Games,"(437,561 reviews)",Overwhelmingly Positive,"26 Feb, 2016",ConcernedApe,"Farming Sim,Life Sim,Pixel Graphics,RPG,Multiplayer,Relaxing,Agriculture,Simulation,Crafting,Sandbox,Indie,Building,Singleplayer,Casual,Open World,2D,Cute,Great Soundtrack,Dating Sim,Fishing",free,mac win linux
Tower of Fantasy,Massively Multiplayer Games,"(4,552 reviews)",Very Positive,"19 Oct, 2022",Hotta Studio,"RPG,MMORPG,Action,Action-Adventure,Action RPG,3D Platformer,Anime,Cinematic,Cartoony,Drama,Open World,Post-apocalyptic,Sci-fi,Futuristic,Cyberpunk,Free to Play,Bullet Time,Story Rich,Massively Multiplayer,PvP",free, win 
Craft The World,Strategy Games,"(11,739 reviews)",Overwhelmingly Positive,"24 Nov, 2014",Dekovir Entertainment,"Sandbox,Crafting,Colony Sim,Building,Survival,Strategy,Indie,Simulation,Multiplayer,2D,RPG,City Builder,Open World,Singleplayer,Resource Management,Fantasy,Adventure,God Game,Tower Defense,Side Scroller",1482 pуб.,mac win 
Bus World,Simulation Games,(158 reviews),Mixed,"29 Sep, 2022",KishMish Games,"Automobile Sim,Simulation,Indie,Racing,Adventure,Early Access,Driving,Atmospheric,Singleplayer,Realistic,Open World,Casual,Sports,Sandbox,Exploration,Moddable,Difficult,Audio Production,Education,Relaxing",449 pуб., win 
American Truck Simulator,"Simulation Games,SCS Software Franchise","(93,407 reviews)",Overwhelmingly Positive,"2 Feb, 2016",SCS Software,"Automobile Sim,Driving,Open World,Transportation,Simulation,America,Realistic,Moddable,Relaxing,Exploration,Economy,Atmospheric,Management,Immersive Sim,Multiplayer,Singleplayer,Adventure,Casual,Family Friendly,Level Editor","2736,90 pуб.",mac win linux
EVE Online,Massively Multiplayer Games,"(29,205 reviews)",Mixed,"6 May, 2003",CCP,"Space,Massively Multiplayer,Free to Play,Sci-fi,Sandbox,MMORPG,RPG,Open World,Strategy,Action,Multiplayer,PvP,Economy,Space Sim,Spaceships,Simulation,Difficult,Capitalism,PvE,Tactical",free,mac win 
DCS World Steam Edition,Simulation Games,"(25,338 reviews)",Very Positive,"18 Mar, 2018",Eagle Dynamics SA,"Simulation,Flight,Free to Play,Multiplayer,Military,Realistic,War,Open World,VR,Singleplayer,Action,Shooter,Co-op,TrackIR,Sandbox,Tanks,First-Person,Strategy,FPS,Massively Multiplayer",free, win 
7 Days to Die,Action Games,"(166,011 reviews)",Very Positive,"13 Dec, 2013",The Fun Pimps,"Survival,Zombies,Voxel,Open World,Multiplayer,Open World Survival Craft,Post-apocalyptic,Base Building,Online Co-Op,Exploration,Building,Simulation,Sandbox,Strategy,FPS,Character Customization,Procedural Generation,Tower Defense,Action,Early Access",free,mac win linux
OpenTTD,Simulation Games,"(8,319 reviews)",Overwhelmingly Positive,"14 Mar, 2004",OpenTTD,"Simulation,Free to Play,Building,Sandbox,Trains,Economy,Management,Multiplayer,Transportation,Resource Management,Moddable,Singleplayer,2D,City Builder,Isometric,Strategy,Online Co-Op,Co-op,Casual,Indie",free,mac win linux
SnowRunner,"Simulation Games,Focus Entertainment Franchise","(13,696 reviews)",Very Positive,"17 May, 2021",Saber Interactive,"Simulation,Automobile Sim,Adventure,Exploration,Sandbox,Realistic,First-Person,Driving,Open World,Immersive Sim,Third Person,Atmospheric,Racing,Snow,ATV,Multiplayer,Nature,Physics,PvE,Team-Based","2973,21 pуб.", win 
DEATH STRANDING DIRECTOR'S CUT,Action Games,"(8,456 reviews)",Overwhelmingly Positive,"30 Mar, 2022",KOJIMA PRODUCTIONS,"Story Rich,Walking Simulator,Action,Adventure,Open World,Atmospheric,Exploration,Third Person,Singleplayer,Great Soundtrack,Post-apocalyptic,Cinematic,Action-Adventure,Sci-fi,Horror,Combat,Relaxing,Third-Person Shooter,Sexual Content,Multiplayer",479 pуб., win 
Big Farm Story,RPG Games,(876 reviews),Very Positive,"2 Aug, 2021",Goodgame Studios,"Singleplayer,Life Sim,Farming,Local Co-Op,Story Rich,Choose Your Own Adventure,Dog,RPG,Farming Sim,Narration,Nature,Relaxing,Simulation,Crafting,Cartoony,Adventure,Cute,Casual,Cooking,Co-op",free,mac win 
Stellaris: Distant Stars Story Pack,"Strategy Games,Paradox Interactive - Official Franchise,Stellaris,Downloadable Content",(475 reviews),Mixed,"22 May, 2018",Paradox Development Studio,"Strategy,Space,Sci-fi,4X","4685,40 pуб.",mac win linux
Trash Story,"Casual Games,К и Ко Franchise",(197 reviews),Very Positive,"29 May, 2018",КиКо,"Casual,Sexual Content,Gore,Violent,Visual Novel",free, win 
V.O.D.K.A. Open World Survival Shooter,RPG Games,(70 reviews),Mixed,"12 Mar, 2021",Sweet Games,"RPG,Casual,Adventure,Simulation,Action,Indie,Survival,Open World,Sandbox,Open World Survival Craft,Exploration,FPS,Survival Horror,Realistic,Atmospheric,Post-apocalyptic,Crafting,Multiple Endings,Stealth,Singleplayer",free, win 
Witchy Life Story,Simulation Games,(232 reviews),Very Positive,"30 Sep, 2022",Sundew Studios,"Visual Novel,Relaxing,Crafting,Conversation,Casual,Cozy,Character Customization,Story Rich,LGBTQ+,Magic,Wholesome,Cute,Comedy,Dating Sim,Multiple Endings,Life Sim,Cooking,Simulation,Farming Sim,Nature",free, win 
Arise: A Simple Story,"Indie Games,Untold Tales Franchise",(612 reviews),Very Positive,"3 Dec, 2020",Piccolo Studio,"3D Platformer,Time Manipulation,Exploration,Emotional,Cute,Puzzle Platformer,Relaxing,Local Co-Op,Story Rich,Platformer,Surreal,Drama,Nature,Colorful,Adventure,Singleplayer,Narration,Family Friendly,Third Person,Indie","546,30 pуб.", win 
Henchman Story,Adventure Games,(159 reviews),Very Positive,"14 Oct, 2021",Silken Sail Entertainment,"Funny,Visual Novel,2D,Comic Book,Dark Humor,Comedy,Interactive Fiction,Story Rich,Choices Matter,Conversation,Narrative,Replay Value,Dark Comedy,Casual,Cartoony,Colorful,Multiple Endings,Hand-drawn,Adventure,Choose Your Own Adventure","1125,40 pуб.",mac win linux
Witch Story,"Indie Games,Hunny Bunny Studio Franchise",(21 reviews),Mixed,"10 Sep, 2022",Hunny Bunny Studio,"Sexual Content,Nudity,Hentai,Mature,Match 3,NSFW,Anime,Visual Novel,Story Rich,Fantasy,Hand-drawn,Cats,Adventure,FMV,Atmospheric,Casual,Singleplayer,Indie",free, win 
Stellaris: Synthetic Dawn Story Pack,"Strategy Games,Paradox Interactive - Official Franchise,Stellaris,Downloadable Content",(736 reviews),Mostly Positive,"21 Sep, 2017",Paradox Development Studio,"Strategy,Simulation,4X,Space","4685,40 pуб.",mac win linux
Fish Story,"Casual Games,Five Percents Games Franchise",(17 reviews),Positive,"11 Nov, 2021",Five Percents,"Casual,Adventure,Arcade,Action-Adventure,Side Scroller,2D,Cute,Stylized,Atmospheric,Survival,Family Friendly,Aliens,Underwater,Relaxing,Funny,Surreal,Emotional,Story Rich,Narration,Singleplayer",9 pуб., win linux
Stellaris: Ancient Relics Story Pack,"Strategy Games,Paradox Interactive - Official Franchise,Stellaris,Downloadable Content",(418 reviews),Mostly Positive,"4 Jun, 2019",Paradox Development Studio,"Strategy,Simulation,Space,Sci-fi,4X,Story Rich","4685,40 pуб.",mac win linux
Ruined King: A League of Legends Story™,RPG Games,"(8,280 reviews)",Very Positive,"16 Nov, 2021",Airship Syndicate,"RPG,Turn-Based Combat,Singleplayer,Fantasy,Isometric,Indie,Story Rich,Adventure,JRPG,Great Soundtrack,Female Protagonist,Souls-like,Anime",free, win 
Cave Story+,Indie Games,"(4,075 reviews)",Very Positive,"22 Nov, 2011","Nicalis, Inc.","Platformer,Metroidvania,Indie,Great Soundtrack,Pixel Graphics,Action,Adventure,2D,Retro,Singleplayer,Classic,Exploration,Replay Value,Difficult,Story Rich,Shooter,Remake,Cute,Sci-fi,Anime",free, win linux
Her Story,"Indie Games,Sam Barlow Franchise","(6,315 reviews)",Very Positive,"24 Jun, 2015",Sam Barlow,"Detective,Investigation,Casual,Interactive Fiction,FMV,Crime,Visual Novel,Point & Click,Experimental,Female Protagonist,Story Rich,Conversation,Thriller,Typing,Nonlinear,Emotional,Singleplayer,Puzzle,Psychological Horror,Horror","660,60 pуб.",mac win 
Soccer Story,Sports Games,(55 reviews),Mixed,"29 Nov, 2022",PanicBarn,"Adventure,RPG,Sports,Simulation,Soccer,Voxel,Football,Action-Adventure,Puzzle,Exploration,3D,Colorful,Cute,Comedy,Family Friendly,Controller,Female Protagonist,Story Rich,Singleplayer,Local Multiplayer",free, win 
Garden Story,"Indie Games,Rose City Games Franchise",(588 reviews),Very Positive,"11 Aug, 2021",Picogram,"Singleplayer,Fantasy,Adventure,Action RPG,Pixel Graphics,Action,Action-Adventure,Exploration,RPG,JRPG,2D,Cute,Character Action Game,Top-Down,Isometric,Funny,Story Rich,Colorful,Family Friendly,Cozy",567 pуб.,mac win 
Block Story™,RPG Games,"(1,024 reviews)",Very Positive,"10 Dec, 2015","MindBlocks Studio, LLC","RPG,Adventure,Open World Survival Craft,Sandbox,Action,Crafting,Open World,Indie,Dragons,Survival,Voxel,Building,Pixel Graphics,Fantasy,First-Person,Singleplayer,Multiplayer,Action RPG",free, win 
World War Z: Aftermath,"Action Games,Saber Interactive Franchise","(7,589 reviews)",Very Positive,"21 Sep, 2021",Saber Interactive Inc,"Zombies,Action,Online Co-Op,Multiplayer,Co-op,Singleplayer,Shooter,Third-Person Shooter,PvE,FPS,Character Customization,Gun Customization,Post-apocalyptic,Survival Horror,First-Person,Gore,Third Person,Combat,Violent,Class-Based",799 pуб., win 
Story,RPG Games,(12 reviews),Mixed,"2 Jul, 2020",Błażej Smorawski,"RPG,Souls-like,Philosophical,Relaxing,Mystery Dungeon,Adventure,Hidden Object,Action RPG,Action-Adventure,Cinematic,3D,Stylized,Top-Down,Fantasy,Mythology,Atmospheric,Emotional,Hack and Slash,Physics,Combat",free, win 
Valakas Story,Action Games,"(1,219 reviews)",Very Positive,"3 Dec, 2019",Narko Games,"Action,Adventure,Casual,Violent,Atmospheric,Horror,Comedy,Gore,Difficult,Memes,Story Rich,Souls-like,Indie,Sexual Content",13 pуб., win 
Trigon: Space Story,Strategy Games,(885 reviews),Very Positive,"28 Apr, 2022",Sernur.tech,"Logic,Nonlinear,Experimental,Abstract,Science,Inventory Management,1980s,Traditional Roguelike,Time Travel,Time Attack,Immersive,Time Manipulation,Experience,Unforgiving,Nostalgia,Spaceships,Faith,Simulation,Singleplayer,Roguelike","624,60 pуб.",mac win linux
Stellaris: Leviathans Story Pack,"Strategy Games,Paradox Interactive - Official Franchise,Stellaris,Downloadable Content",(539 reviews),Mostly Positive,"20 Oct, 2016",Paradox Development Studio,"Strategy,Simulation,4X,Space,Sci-fi","4685,40 pуб.",mac win linux
Hades,"Action Games,Supergiant Games Franchise","(190,728 reviews)",Overwhelmingly Positive,"17 Sep, 2020",Supergiant Games,"Action Roguelike,Roguelite,Indie,Hack and Slash,Action,Mythology,RPG,Roguelike,Great Soundtrack,Singleplayer,Dungeon Crawler,Story Rich,Replay Value,Isometric,Difficult,Action RPG,Hand-drawn,Atmospheric,Perma Death,Souls-like",232 pуб.,mac win 
Trine 2: Complete Story,"Indie Games,Trine Franchise","(14,106 reviews)",Very Positive,"6 Jun, 2013",Frozenbyte,"Puzzle Platformer,Platformer,Adventure,Action,Beautiful,2D Platformer,Puzzle,Co-op,Fantasy,Indie,Online Co-Op,Local Co-Op,Multiplayer,Physics,Great Soundtrack,Singleplayer,Atmospheric,2D,RPG,Casual",124 pуб.,mac win linux
IXION,"Strategy Games,Kasedo Games Franchise",(29 reviews),Positive,"7 Dec, 2022",Bulwark Studios,"City Builder,Strategy,Space,Survival,Resource Management,Colony Sim,Simulation,Building,Base Building,Exploration,Choices Matter,Atmospheric,Economy,Dark,Singleplayer,Management,RTS,Post-apocalyptic,Difficult,Indie",854 pуб., win 
Castle Story,Strategy Games,"(7,243 reviews)",Very Positive,"17 Aug, 2017",Sauropod Studio,"Colony Sim,Strategy,Building,Sandbox,Multiplayer,Survival,Open World Survival Craft,Indie,Singleplayer,Open World,Crafting,Tower Defense,Co-op,Early Access,RTS,Simulation,Kickstarter,Voxel,Adventure,Casual","601,80 pуб.",mac win linux
For The King: Lost Civilization Adventure Pack,"RPG Games,Curve Games Franchise,For The King,Downloadable Content",(352 reviews),Mixed,"10 Feb, 2021",IronOak Games,"Adventure,RPG,Indie,Strategy,Tabletop,Turn-Based,Board Game,Roguelike,Party-Based RPG,Strategy RPG,Multiplayer","206,15 pуб.",mac win linux
Divinity: Original Sin 2 - Definitive Edition,Adventure Games,"(133,802 reviews)",Overwhelmingly Positive,"14 Sep, 2017",Larian Studios,"Tactical RPG,RPG,Turn-Based Strategy,Story Rich,Exploration,Fantasy,CRPG,Party-Based RPG,Character Customization,Strategy RPG,PvP,Female Protagonist,Co-op Campaign,Local Co-Op,Isometric,Romance,Strategy,Choices Matter,Moddable,Funny","1048,60 pуб.",mac win 
Scorn,Adventure Games,"(6,636 reviews)",Very Positive,"14 Oct, 2022",Ebb Software,"Gore,Horror,Atmospheric,Puzzle,First-Person,Nudity,Dark,Sexual Content,Adventure,Violent,Psychological Horror,Walking Simulator,Indie,Singleplayer,Lovecraftian,Sci-fi,Surreal,Action,Survival Horror,FPS",674 pуб., win 
Detroit: Become Human,Action Games,"(58,279 reviews)",Overwhelmingly Positive,"18 Jun, 2020",Quantic Dream,"Choices Matter,Story Rich,Multiple Endings,Cinematic,Singleplayer,Emotional,Adventure,Sci-fi,Futuristic,Robots,Beautiful,Great Soundtrack,Atmospheric,Third Person,Dynamic Narration,Replay Value,Cyberpunk,Narration,Violent,Female Protagonist","2520,90 pуб.", win 
Albion Online,Massively Multiplayer Games,"(53,548 reviews)",Very Positive,"17 Jul, 2017",Sandbox Interactive GmbH,"Free to Play,MMORPG,Open World,Massively Multiplayer,Sandbox,RPG,Crafting,Multiplayer,PvP,Survival,Loot,PvE,Medieval,Economy,Fantasy,Co-op,Strategy,Action,Singleplayer,Difficult",free,mac win linux
Risk of Rain 2,Action Games,"(147,148 reviews)",Very Positive,"11 Aug, 2020",Hopoo Games,"Third-Person Shooter,Action Roguelike,Multiplayer,Action,Roguelite,Co-op,Looter Shooter,Roguelike,Loot,Shooter,Online Co-Op,Difficult,Third Person,Indie,Survival,Singleplayer,Soundtrack,Great Soundtrack,Early Access,Bullet Hell","1008,33 pуб.", win 
Baldur's Gate 3,RPG Games,"(49,841 reviews)",Very Positive,"6 Oct, 2020",Larian Studios,"Early Access,RPG,Choices Matter,Character Customization,Story Rich,CRPG,Co-op Campaign,Fantasy,Romance,Class-Based,Dark Fantasy,PvE,Narration,Stealth,Combat,Crafting,Turn-Based Combat,Isometric,Tutorial,Team-Based",free,mac win 
Fishing Adventure,"Simulation Games,Ultimate Games S.A. Franchise","(1,078 reviews)",Very Positive,"1 Nov, 2019",MasterCode,"Simulation,Fishing,Singleplayer,Multiplayer,First-Person,Sports,Realistic,Casual,Atmospheric,Adventure,Family Friendly","290,50 pуб.", win 
Totally Accurate Battle Simulator,"Simulation Games,Landfall Games Franchise","(91,412 reviews)",Overwhelmingly Positive,"1 Apr, 2021",Landfall,"Sandbox,Funny,Simulation,Physics,Singleplayer,Indie,Adventure,Realistic,War,Strategy,3D,Colorful,Fantasy,Comedy,Action,Memes,Casual,Historical,Medieval,Cute",147 pуб.,mac win 
V Rising,Adventure Games,"(50,025 reviews)",Overwhelmingly Positive,"17 May, 2022",Stunlock Studios,"Early Access,Survival,Open World,Crafting,Vampire,Base Building,Multiplayer,PvP,PvE,Building,Online Co-Op,Hack and Slash,Sandbox,Exploration,Action-Adventure,Massively Multiplayer,Action,Adventure,Singleplayer,Dark Fantasy","1088,10 pуб.", win 
Hubris,Adventure Games,(21 reviews),Mixed,"7 Dec, 2022",Cyborn B.V.,"VR,Action,Adventure,Sci-fi,Shooter,Story Rich,Exploration,Combat,First-Person,Gun Customization,FPS,Narration,3D Platformer,Realistic,Action-Adventure,3D,Atmospheric,Futuristic,Space,6DOF",free, win 
Otaku's Adventure,Adventure Games,"(5,346 reviews)",Overwhelmingly Positive,"20 May, 2019",Spacelight Studio,"Funny,Multiple Endings,Dating Sim,Visual Novel,Indie,Anime,RPG,Adventure,Puzzle,Story Rich,Cute,Mouse only,Choices Matter,Romance,Singleplayer,Interactive Fiction,Point & Click,Comedy,Surreal,Female Protagonist",free,mac win 
Stellaris,"Strategy Games,Paradox Interactive - Official Franchise","(98,553 reviews)",Very Positive,"9 May, 2016",Paradox Development Studio,"Space,Grand Strategy,Strategy,Sci-fi,4X,Exploration,Sandbox,Simulation,Real-Time with Pause,Multiplayer,Moddable,Singleplayer,Diplomacy,Management,Futuristic,Military,Replay Value,Great Soundtrack,Procedural Generation,Atmospheric","1845,90 pуб.",mac win linux
Path of Exile,Free to Play Games,"(194,021 reviews)",Very Positive,"23 Oct, 2013",Grinding Gear Games,"Free to Play,Action RPG,Hack and Slash,RPG,Multiplayer,Loot,Massively Multiplayer,Dungeon Crawler,Character Customization,Inventory Management,MMORPG,Action,Fantasy,Adventure,Isometric,Singleplayer,Online Co-Op,PvP,Horror,Point & Click",free,mac win 
NARAKA: BLADEPOINT,Action Games,"(133,996 reviews)",Mostly Negative,"11 Aug, 2021",24 Entertainment,"Battle Royale,Multiplayer,Martial Arts,PvP,Survival,Female Protagonist,Action,Third Person,Hack and Slash,Massively Multiplayer,Character Customization,Swordplay,Parkour,Fighting,Adventure,Anime,Violent,Hentai,Gore,Mature",free, win 
Ready or Not,Action Games,"(67,870 reviews)",Very Positive,"17 Dec, 2021",VOID Interactive,"Tactical,Realistic,FPS,Multiplayer,Shooter,Co-op,First-Person,Singleplayer,Action,Violent,Gun Customization,Combat,Crime,Modern,Horror,Gore,Atmospheric,Co-op Campaign,America,Early Access",free, win 
Cult of the Lamb,"Adventure Games,Devolver Digital Franchise","(36,123 reviews)",Overwhelmingly Positive,"11 Aug, 2022",Massive Monster,"Character Customization,Cute,Base Building,Roguelite,Action Roguelike,Dungeon Crawler,Dark Humor,Building,Singleplayer,Colony Sim,Funny,Action,Faith,2D,Adventure,Fantasy,Controller,Strategy,Colorful,Third Person",559 pуб.,mac win 
The Long Dark: Tales from the Far Territory,"Adventure Games,The Long Dark,Downloadable Content",(534 reviews),Mixed,"5 Dec, 2022",Hinterland Studio Inc.,"Indie,Adventure,Simulation,Strategy,Survival,Atmospheric",639 pуб., win linux
A Plague Tale: Requiem,"Adventure Games,Focus Entertainment Franchise","(4,393 reviews)",Very Positive,"17 Oct, 2022",Asobo Studio,"Adventure,Action,Action-Adventure,Exploration,Interactive Fiction,Cinematic,3D,Third Person,Realistic,Atmospheric,Alternate History,Dark,Emotional,Drama,Female Protagonist,Medieval,Historical,Singleplayer,Mystery,Narration",1599 pуб., win 
The Callisto Protocol™,Action Games,"(15,262 reviews)",Mixed,"1 Dec, 2022",Striking Distance Studios,"Horror,Sci-fi,Survival Horror,Third-Person Shooter,Space,Shooter,Action-Adventure,PvE,Third Person,3D,Action,Story Rich,Linear,Realistic,Adventure,Robots,Cinematic,Dark,Futuristic,Shoot 'Em Up",free, win 
Kena: Bridge of Spirits,Adventure Games,"(3,688 reviews)",Overwhelmingly Positive,"26 Sep, 2022",Ember Lab,"Action,Adventure,Action-Adventure,3D Platformer,Souls-like,Exploration,3D,Cinematic,Third Person,Atmospheric,Fantasy,Magic,Female Protagonist,Nature,Combat,Controller,Story Rich,Singleplayer,Mystery,Indie",854 pуб., win 
Stray,"Adventure Games,Annapurna Interactive Franchise","(92,881 reviews)",Overwhelmingly Positive,"19 Jul, 2022",BlueTwelve Studio,"Cats,Adventure,Cyberpunk,Cute,Atmospheric,Exploration,Singleplayer,Robots,Third Person,Beautiful,Puzzle,Horror,Sci-fi,Indie,Dystopian,Mystery,Open World,Colorful,Action,Stealth",560 pуб., win 
Pathfinder: Wrath of the Righteous - Enhanced Edition,"RPG Games,Owlcat Games Franchise","(18,277 reviews)",Very Positive,"2 Sep, 2021",Owlcat Games,"Narration,Turn-Based Combat,Combat,Team-Based,RPG,Choices Matter,Character Customization,Story Rich,CRPG,Fantasy,Romance,Class-Based,Dark Fantasy,Isometric,Choose Your Own Adventure,Violent,Adventure,Turn-Based Strategy,Difficult,Strategy",599 pуб.,mac win 
"Warhammer 40,000: Darktide","Action Games,Warhammer Franchise","(34,745 reviews)",Mixed,"30 Nov, 2022",Fatshark,"Warhammer 40K,Multiplayer,Online Co-Op,Adventure,PvE,Gore,FPS,Singleplayer,Shooter,Hack and Slash,Action,Co-op,First-Person,Character Customization,Violent,Atmospheric,Looter Shooter,Action-Adventure,Survival Horror,Sci-fi","4129,20 pуб.", win 
Alchemy Story,"Simulation Games,Cozy Bee Games Franchise",(137 reviews),Very Positive,"15 Apr, 2020",Cozy Bee Games,"Farming Sim,Simulation,Cute,Agriculture,RPG,Crafting,Casual,Singleplayer,Indie,Relaxing,Dating Sim,Fishing,Cartoony,Female Protagonist,Family Friendly,Life Sim,3D,Magic,LGBTQ+,Romance",free, win 
Big Farm Story,RPG Games,(876 reviews),Very Positive,"2 Aug, 2021",Goodgame Studios,"Singleplayer,Life Sim,Farming,Local Co-Op,Story Rich,Choose Your Own Adventure,Dog,RPG,Farming Sim,Narration,Nature,Relaxing,Simulation,Crafting,Cartoony,Adventure,Cute,Casual,Cooking,Co-op",free,mac win 
Witchy Life Story,Simulation Games,(232 reviews),Very Positive,"30 Sep, 2022",Sundew Studios,"Visual Novel,Relaxing,Crafting,Conversation,Casual,Cozy,Character Customization,Story Rich,LGBTQ+,Magic,Wholesome,Cute,Comedy,Dating Sim,Multiple Endings,Life Sim,Cooking,Simulation,Farming Sim,Nature",free, win 
Trash Story,"Casual Games,К и Ко Franchise",(197 reviews),Very Positive,"29 May, 2018",КиКо,"Casual,Sexual Content,Gore,Violent,Visual Novel",free, win 
Witch Story,"Indie Games,Hunny Bunny Studio Franchise",(21 reviews),Mixed,"10 Sep, 2022",Hunny Bunny Studio,"Sexual Content,Nudity,Hentai,Mature,Match 3,NSFW,Anime,Visual Novel,Story Rich,Fantasy,Hand-drawn,Cats,Adventure,FMV,Atmospheric,Casual,Singleplayer,Indie",free, win 
Fish Story,"Casual Games,Five Percents Games Franchise",(17 reviews),Positive,"11 Nov, 2021",Five Percents,"Casual,Adventure,Arcade,Action-Adventure,Side Scroller,2D,Cute,Stylized,Atmospheric,Survival,Family Friendly,Aliens,Underwater,Relaxing,Funny,Surreal,Emotional,Story Rich,Narration,Singleplayer",9 pуб., win linux
JoJo's Bizarre Adventure: All-Star Battle R,"Action Games,Bandai Namco Entertainment Franchise","(3,957 reviews)",Very Positive,"1 Sep, 2022",CyberConnect2 Co. Ltd.,"Anime,Action,Fighting,PvP,2D Fighter,3D Fighter,Multiplayer,Memes,2D,3D,Story Rich,Great Soundtrack,2D Platformer,Violent,Colorful,2.5D,Sexual Content,Family Friendly,Horror",1469 pуб., win 
Arise: A Simple Story,"Indie Games,Untold Tales Franchise",(612 reviews),Very Positive,"3 Dec, 2020",Piccolo Studio,"3D Platformer,Time Manipulation,Exploration,Emotional,Cute,Puzzle Platformer,Relaxing,Local Co-Op,Story Rich,Platformer,Surreal,Drama,Nature,Colorful,Adventure,Singleplayer,Narration,Family Friendly,Third Person,Indie","546,30 pуб.", win 
Henchman Story,Adventure Games,(159 reviews),Very Positive,"14 Oct, 2021",Silken Sail Entertainment,"Funny,Visual Novel,2D,Comic Book,Dark Humor,Comedy,Interactive Fiction,Story Rich,Choices Matter,Conversation,Narrative,Replay Value,Dark Comedy,Casual,Cartoony,Colorful,Multiple Endings,Hand-drawn,Adventure,Choose Your Own Adventure","1125,40 pуб.",mac win linux
Cave Story+,Indie Games,"(4,075 reviews)",Very Positive,"22 Nov, 2011","Nicalis, Inc.","Platformer,Metroidvania,Indie,Great Soundtrack,Pixel Graphics,Action,Adventure,2D,Retro,Singleplayer,Classic,Exploration,Replay Value,Difficult,Story Rich,Shooter,Remake,Cute,Sci-fi,Anime",free, win linux
Stellaris: Synthetic Dawn Story Pack,"Strategy Games,Paradox Interactive - Official Franchise,Stellaris,Downloadable Content",(736 reviews),Mostly Positive,"21 Sep, 2017",Paradox Development Studio,"Strategy,Simulation,4X,Space","4685,40 pуб.",mac win linux
Soccer Story,Sports Games,(55 reviews),Mixed,"29 Nov, 2022",PanicBarn,"Adventure,RPG,Sports,Simulation,Soccer,Voxel,Football,Action-Adventure,Puzzle,Exploration,3D,Colorful,Cute,Comedy,Family Friendly,Controller,Female Protagonist,Story Rich,Singleplayer,Local Multiplayer",free, win 
Stellaris: Ancient Relics Story Pack,"Strategy Games,Paradox Interactive - Official Franchise,Stellaris,Downloadable Content",(418 reviews),Mostly Positive,"4 Jun, 2019",Paradox Development Studio,"Strategy,Simulation,Space,Sci-fi,4X,Story Rich","4685,40 pуб.",mac win linux
World War Z: Aftermath,"Action Games,Saber Interactive Franchise","(7,589 reviews)",Very Positive,"21 Sep, 2021",Saber Interactive Inc,"Zombies,Action,Online Co-Op,Multiplayer,Co-op,Singleplayer,Shooter,Third-Person Shooter,PvE,FPS,Character Customization,Gun Customization,Post-apocalyptic,Survival Horror,First-Person,Gore,Third Person,Combat,Violent,Class-Based",799 pуб., win 
Garden Story,"Indie Games,Rose City Games Franchise",(588 reviews),Very Positive,"11 Aug, 2021",Picogram,"Singleplayer,Fantasy,Adventure,Action RPG,Pixel Graphics,Action,Action-Adventure,Exploration,RPG,JRPG,2D,Cute,Character Action Game,Top-Down,Isometric,Funny,Story Rich,Colorful,Family Friendly,Cozy",567 pуб.,mac win 
Ruined King: A League of Legends Story™,RPG Games,"(8,280 reviews)",Very Positive,"16 Nov, 2021",Airship Syndicate,"RPG,Turn-Based Combat,Singleplayer,Fantasy,Isometric,Indie,Story Rich,Adventure,JRPG,Great Soundtrack,Female Protagonist,Souls-like,Anime",free, win 
Her Story,"Indie Games,Sam Barlow Franchise","(6,315 reviews)",Very Positive,"24 Jun, 2015",Sam Barlow,"Detective,Investigation,Casual,Interactive Fiction,FMV,Crime,Visual Novel,Point & Click,Experimental,Female Protagonist,Story Rich,Conversation,Thriller,Typing,Nonlinear,Emotional,Singleplayer,Puzzle,Psychological Horror,Horror","660,60 pуб.",mac win 
Block Story™,RPG Games,"(1,024 reviews)",Very Positive,"10 Dec, 2015","MindBlocks Studio, LLC","RPG,Adventure,Open World Survival Craft,Sandbox,Action,Crafting,Open World,Indie,Dragons,Survival,Voxel,Building,Pixel Graphics,Fantasy,First-Person,Singleplayer,Multiplayer,Action RPG",free, win 
Scorn,Adventure Games,"(6,636 reviews)",Very Positive,"14 Oct, 2022",Ebb Software,"Gore,Horror,Atmospheric,Puzzle,First-Person,Nudity,Dark,Sexual Content,Adventure,Violent,Psychological Horror,Walking Simulator,Indie,Singleplayer,Lovecraftian,Sci-fi,Surreal,Action,Survival Horror,FPS",674 pуб., win 
JoJo's Bizarre Adventure: All-Star Battle R,"Action Games,Bandai Namco Entertainment Franchise","(3,957 reviews)",Very Positive,"1 Sep, 2022",CyberConnect2 Co. Ltd.,"Anime,Action,Fighting,PvP,2D Fighter,3D Fighter,Multiplayer,Memes,2D,3D,Story Rich,Great Soundtrack,2D Platformer,Violent,Colorful,2.5D,Sexual Content,Family Friendly,Horror",1469 pуб., win 
Divinity: Original Sin 2 - Definitive Edition,Adventure Games,"(133,802 reviews)",Overwhelmingly Positive,"14 Sep, 2017",Larian Studios,"Tactical RPG,RPG,Turn-Based Strategy,Story Rich,Exploration,Fantasy,CRPG,Party-Based RPG,Character Customization,Strategy RPG,PvP,Female Protagonist,Co-op Campaign,Local Co-Op,Isometric,Romance,Strategy,Choices Matter,Moddable,Funny","1048,60 pуб.",mac win 
Story,RPG Games,(12 reviews),Mixed,"2 Jul, 2020",Błażej Smorawski,"RPG,Souls-like,Philosophical,Relaxing,Mystery Dungeon,Adventure,Hidden Object,Action RPG,Action-Adventure,Cinematic,3D,Stylized,Top-Down,Fantasy,Mythology,Atmospheric,Emotional,Hack and Slash,Physics,Combat",free, win 
For The King: Lost Civilization Adventure Pack,"RPG Games,Curve Games Franchise,For The King,Downloadable Content",(352 reviews),Mixed,"10 Feb, 2021",IronOak Games,"Adventure,RPG,Indie,Strategy,Tabletop,Turn-Based,Board Game,Roguelike,Party-Based RPG,Strategy RPG,Multiplayer","206,15 pуб.",mac win linux
Detroit: Become Human,Action Games,"(58,280 reviews)",Overwhelmingly Positive,"18 Jun, 2020",Quantic Dream,"Choices Matter,Story Rich,Multiple Endings,Cinematic,Singleplayer,Emotional,Adventure,Sci-fi,Futuristic,Robots,Beautiful,Great Soundtrack,Atmospheric,Third Person,Dynamic Narration,Replay Value,Cyberpunk,Narration,Violent,Female Protagonist","2520,90 pуб.", win 
Risk of Rain 2,Action Games,"(147,148 reviews)",Very Positive,"11 Aug, 2020",Hopoo Games,"Third-Person Shooter,Action Roguelike,Multiplayer,Action,Roguelite,Co-op,Looter Shooter,Roguelike,Loot,Shooter,Online Co-Op,Difficult,Third Person,Indie,Survival,Singleplayer,Soundtrack,Great Soundtrack,Early Access,Bullet Hell","1008,33 pуб.", win 
Baldur's Gate 3,RPG Games,"(49,841 reviews)",Very Positive,"6 Oct, 2020",Larian Studios,"Early Access,RPG,Choices Matter,Character Customization,Story Rich,CRPG,Co-op Campaign,Fantasy,Romance,Class-Based,Dark Fantasy,PvE,Narration,Stealth,Combat,Crafting,Turn-Based Combat,Isometric,Tutorial,Team-Based",free,mac win 
Fishing Adventure,"Simulation Games,Ultimate Games S.A. Franchise","(1,078 reviews)",Very Positive,"1 Nov, 2019",MasterCode,"Simulation,Fishing,Singleplayer,Multiplayer,First-Person,Sports,Realistic,Casual,Atmospheric,Adventure,Family Friendly","290,50 pуб.", win 
Albion Online,Massively Multiplayer Games,"(53,548 reviews)",Very Positive,"17 Jul, 2017",Sandbox Interactive GmbH,"Free to Play,MMORPG,Open World,Massively Multiplayer,Sandbox,RPG,Crafting,Multiplayer,PvP,Survival,Loot,PvE,Medieval,Economy,Fantasy,Co-op,Strategy,Action,Singleplayer,Difficult",free,mac win linux
Totally Accurate Battle Simulator,"Simulation Games,Landfall Games Franchise","(91,412 reviews)",Overwhelmingly Positive,"1 Apr, 2021",Landfall,"Sandbox,Funny,Simulation,Physics,Singleplayer,Indie,Adventure,Realistic,War,Strategy,3D,Colorful,Fantasy,Comedy,Action,Memes,Casual,Historical,Medieval,Cute",147 pуб.,mac win 
V Rising,Adventure Games,"(50,025 reviews)",Overwhelmingly Positive,"17 May, 2022",Stunlock Studios,"Early Access,Survival,Open World,Crafting,Vampire,Base Building,Multiplayer,PvP,PvE,Building,Online Co-Op,Hack and Slash,Sandbox,Exploration,Action-Adventure,Massively Multiplayer,Action,Adventure,Singleplayer,Dark Fantasy","1088,10 pуб.", win 
Hubris,Adventure Games,(21 reviews),Mixed,"7 Dec, 2022",Cyborn B.V.,"VR,Action,Adventure,Sci-fi,Shooter,Story Rich,Exploration,Combat,First-Person,Gun Customization,FPS,Narration,3D Platformer,Realistic,Action-Adventure,3D,Atmospheric,Futuristic,Space,6DOF",free, win 
NARAKA: BLADEPOINT,Action Games,"(133,996 reviews)",Mostly Negative,"11 Aug, 2021",24 Entertainment,"Battle Royale,Multiplayer,Martial Arts,PvP,Survival,Female Protagonist,Action,Third Person,Hack and Slash,Massively Multiplayer,Character Customization,Swordplay,Parkour,Fighting,Adventure,Anime,Violent,Hentai,Gore,Mature",free, win 
Otaku's Adventure,Adventure Games,"(5,346 reviews)",Overwhelmingly Positive,"20 May, 2019",Spacelight Studio,"Funny,Multiple Endings,Dating Sim,Visual Novel,Indie,Anime,RPG,Adventure,Puzzle,Story Rich,Cute,Mouse only,Choices Matter,Romance,Singleplayer,Interactive Fiction,Point & Click,Comedy,Surreal,Female Protagonist",free,mac win 
Path of Exile,Free to Play Games,"(194,021 reviews)",Very Positive,"23 Oct, 2013",Grinding Gear Games,"Free to Play,Action RPG,Hack and Slash,RPG,Multiplayer,Loot,Massively Multiplayer,Dungeon Crawler,Character Customization,Inventory Management,MMORPG,Action,Fantasy,Adventure,Isometric,Singleplayer,Online Co-Op,PvP,Horror,Point & Click",free,mac win 
Stellaris,"Strategy Games,Paradox Interactive - Official Franchise","(98,554 reviews)",Very Positive,"9 May, 2016",Paradox Development Studio,"Space,Grand Strategy,Strategy,Sci-fi,4X,Exploration,Sandbox,Simulation,Real-Time with Pause,Multiplayer,Moddable,Singleplayer,Diplomacy,Management,Futuristic,Military,Replay Value,Great Soundtrack,Procedural Generation,Atmospheric","1845,90 pуб.",mac win linux
Stardew Valley,Indie Games,"(437,553 reviews)",Overwhelmingly Positive,"26 Feb, 2016",ConcernedApe,"Farming Sim,Life Sim,Pixel Graphics,RPG,Multiplayer,Relaxing,Agriculture,Simulation,Crafting,Sandbox,Indie,Building,Singleplayer,Casual,Open World,2D,Cute,Great Soundtrack,Dating Sim,Fishing",free,mac win linux
Craft The World,Strategy Games,"(11,739 reviews)",Overwhelmingly Positive,"24 Nov, 2014",Dekovir Entertainment,"Sandbox,Crafting,Colony Sim,Building,Survival,Strategy,Indie,Simulation,Multiplayer,2D,RPG,City Builder,Open World,Singleplayer,Resource Management,Fantasy,Adventure,God Game,Tower Defense,Side Scroller",1482 pуб.,mac win 
7 Days to Die,Action Games,"(166,011 reviews)",Very Positive,"13 Dec, 2013",The Fun Pimps,"Survival,Zombies,Voxel,Open World,Multiplayer,Open World Survival Craft,Post-apocalyptic,Base Building,Online Co-Op,Exploration,Building,Simulation,Sandbox,Strategy,FPS,Character Customization,Procedural Generation,Tower Defense,Action,Early Access",free,mac win linux
Bus World,Simulation Games,(158 reviews),Mixed,"29 Sep, 2022",KishMish Games,"Automobile Sim,Simulation,Indie,Racing,Adventure,Early Access,Driving,Atmospheric,Singleplayer,Realistic,Open World,Casual,Sports,Sandbox,Exploration,Moddable,Difficult,Audio Production,Education,Relaxing",449 pуб., win 
DCS World Steam Edition,Simulation Games,"(25,335 reviews)",Very Positive,"18 Mar, 2018",Eagle Dynamics SA,"Simulation,Flight,Free to Play,Multiplayer,Military,Realistic,War,Open World,VR,Singleplayer,Action,Shooter,Co-op,TrackIR,Sandbox,Tanks,First-Person,Strategy,FPS,Massively Multiplayer",free, win 
V.O.D.K.A. Open World Survival Shooter,RPG Games,(70 reviews),Mixed,"12 Mar, 2021",Sweet Games,"RPG,Casual,Adventure,Simulation,Action,Indie,Survival,Open World,Sandbox,Open World Survival Craft,Exploration,FPS,Survival Horror,Realistic,Atmospheric,Post-apocalyptic,Crafting,Multiple Endings,Stealth,Singleplayer",free, win 
EVE Online,Massively Multiplayer Games,"(29,205 reviews)",Mixed,"6 May, 2003",CCP,"Space,Massively Multiplayer,Free to Play,Sci-fi,Sandbox,MMORPG,RPG,Open World,Strategy,Action,Multiplayer,PvP,Economy,Space Sim,Spaceships,Simulation,Difficult,Capitalism,PvE,Tactical",free,mac win 
DEATH STRANDING DIRECTOR'S CUT,Action Games,"(8,456 reviews)",Overwhelmingly Positive,"30 Mar, 2022",KOJIMA PRODUCTIONS,"Story Rich,Walking Simulator,Action,Adventure,Open World,Atmospheric,Exploration,Third Person,Singleplayer,Great Soundtrack,Post-apocalyptic,Cinematic,Action-Adventure,Sci-fi,Horror,Combat,Relaxing,Third-Person Shooter,Sexual Content,Multiplayer",479 pуб., win 
American Truck Simulator,"Simulation Games,SCS Software Franchise","(93,410 reviews)",Overwhelmingly Positive,"2 Feb, 2016",SCS Software,"Automobile Sim,Driving,Open World,Transportation,Simulation,America,Realistic,Moddable,Relaxing,Exploration,Economy,Atmospheric,Management,Immersive Sim,Multiplayer,Singleplayer,Adventure,Casual,Family Friendly,Level Editor","2736,90 pуб.",mac win linux
BeamNG.drive,Simulation Games,"(135,811 reviews)",Overwhelmingly Positive,"29 May, 2015",BeamNG,"Simulation,Driving,Physics,Destruction,Automobile Sim,Realistic,Open World,Sandbox,Racing,Moddable,Singleplayer,Early Access,Multiplayer,First-Person,Third Person,Exploration,Funny,Action,Adventure,Flight",free, win 
OpenTTD,Simulation Games,"(8,319 reviews)",Overwhelmingly Positive,"14 Mar, 2004",OpenTTD,"Simulation,Free to Play,Building,Sandbox,Trains,Economy,Management,Multiplayer,Transportation,Resource Management,Moddable,Singleplayer,2D,City Builder,Isometric,Strategy,Online Co-Op,Co-op,Casual,Indie",free,mac win linux
Rain World,Adventure Games,"(6,722 reviews)",Very Positive,"28 Mar, 2017",Videocult,"Atmospheric,Difficult,Survival,Platformer,Indie,Pixel Graphics,Exploration,2D,Adventure,Post-apocalyptic,Great Soundtrack,Open World,Cute,Singleplayer,Metroidvania,Action,Survival Horror,Souls-like,Physics,Stealth",167 pуб., win 
SnowRunner,"Simulation Games,Focus Entertainment Franchise","(13,696 reviews)",Very Positive,"17 May, 2021",Saber Interactive,"Simulation,Automobile Sim,Adventure,Exploration,Sandbox,Realistic,First-Person,Driving,Open World,Immersive Sim,Third Person,Atmospheric,Racing,Snow,ATV,Multiplayer,Nature,Physics,PvE,Team-Based","2973,21 pуб.", win 
ARK: Survival Evolved,Action Games,"(452,924 reviews)",Very Positive,"27 Aug, 2017",Studio Wildcard,"Open World Survival Craft,Survival,Open World,Multiplayer,Dinosaurs,Crafting,Building,Adventure,Base Building,Co-op,Action,First-Person,Sandbox,Massively Multiplayer,Singleplayer,Early Access,RPG,Dragons,Sci-fi,Indie","1070,74 pуб.",mac win 
The Forest,Action Games,"(363,524 reviews)",Overwhelmingly Positive,"30 Apr, 2018",Endnight Games Ltd,"Open World Survival Craft,Survival,Open World,Horror,Crafting,Adventure,Building,Survival Horror,First-Person,Action,Exploration,Sandbox,Atmospheric,Singleplayer,Simulation,Gore,Realistic,Indie,Early Access,Zombies",free, win 
Don't Starve Together,"Indie Games,Klei Franchise","(244,381 reviews)",Overwhelmingly Positive,"21 Apr, 2016",Klei Entertainment,"Exploration,Open World Survival Craft,Survival,Sandbox,Crafting,Roguelite,Multiplayer,Difficult,Open World,2D,Horror,Adventure,Strategy,Atmospheric,Survival Horror,Funny,Action,Simulation,Online Co-Op,PvP","815,76 pуб.",mac win linux
Terraria,Indie Games,"(837,309 reviews)",Overwhelmingly Positive,"16 May, 2011",Re-Logic,"Open World Survival Craft,Sandbox,Survival,2D,Multiplayer,Adventure,Crafting,Pixel Graphics,Building,Exploration,Co-op,Open World,Indie,Online Co-Op,Action,RPG,Singleplayer,Replay Value,Platformer,Atmospheric",free,mac win linux
Mount & Blade II: Bannerlord,Action Games,"(165,566 reviews)",Very Positive,"25 Oct, 2022",TaleWorlds Entertainment,"Medieval,Strategy,Open World,RPG,War,Multiplayer,Sandbox,Singleplayer,Action,Simulation,Character Customization,Moddable,Adventure,Horses,Realistic,Third Person,First-Person,Historical,Great Soundtrack,Early Access","1910,80 pуб.", win 
Old World,"Strategy Games,Hooded Horse Franchise","(1,583 reviews)",Very Positive,"18 May, 2022",Mohawk Games,"Strategy,Simulation,Grand Strategy,Historical,Turn-Based Strategy,4X,Management,Sandbox,War,Military,Tactical,Singleplayer,Multiplayer,Co-op,Action,Moddable,Diplomacy,Turn-Based,Alternate History,Replay Value",1199 pуб.,mac win linux
Tower of Fantasy,Massively Multiplayer Games,"(4,552 reviews)",Very Positive,"19 Oct, 2022",Hotta Studio,"RPG,MMORPG,Action,Action-Adventure,Action RPG,3D Platformer,Anime,Cinematic,Cartoony,Drama,Open World,Post-apocalyptic,Sci-fi,Futuristic,Cyberpunk,Free to Play,Bullet Time,Story Rich,Massively Multiplayer,PvP",free, win 
Sea Dogs: To Each His Own - Pirate Open World RPG,"RPG Games,Valkyrie Initiative Franchise","(1,646 reviews)",Mostly Positive,"12 Feb, 2016",BlackMark Studio,"Pirates,Naval,RPG,Sandbox,Naval Combat,Sailing,Action RPG,Third Person,Character Customization,3D,Historical,Romance,Open World,Choices Matter,Action,Story Rich,Singleplayer,Multiple Endings,Replay Value,Adventure",free, win 
Teardown,Simulation Games,"(54,977 reviews)",Overwhelmingly Positive,"21 Apr, 2022",Tuxedo Labs,"Destruction,Physics,Sandbox,Voxel,First-Person,Heist,Open World,Singleplayer,Realistic,Simulation,Action,3D,Puzzle,Driving,Indie,Replay Value,Tactical,Immersive Sim,Puzzle Platformer,Runner",399 pуб., win 
Raft,Adventure Games,"(205,435 reviews)",Overwhelmingly Positive,"20 Jun, 2022",Redbeet Interactive,"Survival,Open World Survival Craft,Multiplayer,Co-op,Crafting,Open World,Building,Base Building,Online Co-Op,Adventure,Sandbox,First-Person,Early Access,Singleplayer,Underwater,Simulation,Action,Indie,Strategy,Massively Multiplayer",free, win 
Hunt: Showdown,"Action Games,Hunt Franchise Franchise","(114,505 reviews)",Very Positive,"27 Aug, 2019",Crytek,"Open World,Atmospheric,Tactical,Perma Death,FPS,Multiplayer,Difficult,Shooter,Survival Horror,PvP,Horror,Online Co-Op,Battle Royale,Team-Based,Western,Co-op,Action,Gore,Zombies,First-Person","976,48 pуб.", win 
Disco Elysium - The Final Cut,RPG Games,"(62,933 reviews)",Very Positive,"15 Oct, 2019",ZA/UM,"RPG,Story Rich,Choices Matter,Detective,Isometric,Atmospheric,Singleplayer,CRPG,Point & Click,Noir,Surreal,Adventure,Indie,Exploration,Open World,Visual Novel,Funny,Character Customization,Sexual Content,Fantasy","181,25 pуб.",mac win 
Euro Truck Simulator 2,"Simulation Games,SCS Software Franchise","(431,230 reviews)",Overwhelmingly Positive,"18 Oct, 2012",SCS Software,"Driving,Transportation,Simulation,Open World,Automobile Sim,Realistic,Moddable,Relaxing,Immersive Sim,Exploration,Economy,Management,Atmospheric,Multiplayer,Controller,Third Person,Family Friendly,Casual,Adventure,Indie","2331,55 pуб.",mac win linux
Project Zomboid,Early Access Games,"(110,391 reviews)",Overwhelmingly Positive,"8 Nov, 2013",The Indie Stone,"Survival,Zombies,Open World,Open World Survival Craft,Multiplayer,Sandbox,Post-apocalyptic,Co-op,Crafting,Indie,Simulation,Building,RPG,Survival Horror,Realistic,Isometric,Singleplayer,Early Access,2D,Adventure","861,60 pуб.",mac win linux
The Long Dark,Indie Games,"(82,307 reviews)",Very Positive,"1 Aug, 2017",Hinterland Studio Inc.,"Survival,Open World Survival Craft,Open World,Exploration,Atmospheric,First-Person,Singleplayer,Adventure,Crafting,Sandbox,Simulation,Post-apocalyptic,Indie,Walking Simulator,Survival Horror,Strategy,Difficult,Action,Early Access,Horror",557 pуб.,mac win linux
No Man's Sky,Action Games,"(196,386 reviews)",Very Positive,"12 Aug, 2016",Hello Games,"Open World,Open World Survival Craft,Space,Exploration,Sci-fi,Survival,Procedural Generation,Adventure,First-Person,Sandbox,Singleplayer,Multiplayer,Atmospheric,Crafting,Space Sim,Indie,Action,Simulation,FPS,VR",999 pуб., win 
Satisfactory,"Strategy Games,Coffee Stain Franchise","(99,551 reviews)",Overwhelmingly Positive,"8 Jun, 2020",Coffee Stain Studios,"Base Building,Automation,Open World,Multiplayer,Crafting,Co-op,Resource Management,Building,Sandbox,Exploration,Adventure,Early Access,Simulation,Open World Survival Craft,Strategy,Survival,First-Person,Sci-fi,Indie,Singleplayer",359 pуб., win 
Valheim,"Action Games,Coffee Stain Franchise","(321,306 reviews)",Very Positive,"2 Feb, 2021",Iron Gate AB,"Open World Survival Craft,Survival,Online Co-Op,Open World,Multiplayer,Building,Crafting,Exploration,Base Building,Co-op,Sandbox,Adventure,Mythology,RPG,Early Access,Action,Indie,PvP,Singleplayer,Third Person",304 pуб., win linux
Matt's Project Zombies: Open World,Early Access Games,(5 reviews),5 user reviews,"7 Dec, 2020",Matt Sowards,"Early Access,Strategy,Online Co-Op,Multiplayer,Singleplayer,Co-op,RPG,FPS,Dungeon Crawler,Third-Person Shooter,Survival Horror,Shoot 'Em Up,Arena Shooter,Third Person,First-Person,Cinematic,Realistic,Zombies,3D,Survival",free, win 
Train Sim World® 3,"Simulation Games,Dovetail Games Franchise","(1,092 reviews)",Very Positive,"6 Sep, 2022",Dovetail Games,"Simulation,Trains,Realistic,Driving,Singleplayer,Transportation,First-Person,Relaxing,Family Friendly,Physics,Immersive Sim,Atmospheric,Adventure,Automobile Sim,Open World,Multiplayer",309 pуб., win 
ROAD HOMEWARD: Open world,Adventure Games,(3 reviews),3 user reviews,"26 Dec, 2019",OFF1C1AL,"Adventure,Driving,Open World,Third Person,Singleplayer,Offroad",46 pуб., win 
Researchity | Open World Survival Game,Adventure Games,(1 reviews),1 user reviews,"10 Jun, 2022",TheGameMill,"Early Access,Choose Your Own Adventure,Exploration,Shoot 'Em Up,Third-Person Shooter,Creature Collector,Real Time Tactics,City Builder,Sandbox,Sailing,PvE,Underwater,Base Building,Stealth,Trading,Hacking,Heist,Survival,Artificial Intelligence,Crafting",free, win 
Open World Game: the Open World Game - Special Edition,"Adventure Games,Open World Game: the Open World Game,Downloadable Content",(7 reviews),7 user reviews,"19 Nov, 2019",Morning Person Games,"Adventure,RPG,Indie,Simulation,Free to Play","255,75 pуб.", win 
Open World Game: the Open World Game — The Gratuitous DLC,"Adventure Games,Open World Game: the Open World Game,Downloadable Content",(15 reviews),Positive,"14 May, 2020",Morning Person Games,"RPG,Indie,Simulation,Adventure,Open World,Free to Play,Satire","255,75 pуб.", win 
Need for Drive - Open World Multiplayer Racing,Indie Games,"(1,533 reviews)",Mixed,"17 Feb, 2021",Success Games,"Racing,Sports,Driving,Automobile Sim,Management,Cute,Open World,Funny,Multiple Endings,Simulation,Third Person,Casual,Family Friendly,Realistic,Atmospheric,Comedy,Old School,Multiplayer,Massively Multiplayer,Singleplayer",16 pуб.,mac win 
BeamNG.drive,Simulation Games,"(135,811 reviews)",Overwhelmingly Positive,"29 May, 2015",BeamNG,"Simulation,Driving,Physics,Destruction,Automobile Sim,Realistic,Open World,Sandbox,Racing,Moddable,Singleplayer,Early Access,Multiplayer,First-Person,Third Person,Exploration,Funny,Action,Adventure,Flight",free, win 
RimWorld,Simulation Games,"(125,592 reviews)",Overwhelmingly Positive,"17 Oct, 2018",Ludeon Studios,"Colony Sim,Base Building,Survival,Strategy,Management,Sandbox,Building,Simulation,City Builder,Singleplayer,Moddable,Open World,Procedural Generation,2D,Sci-fi,Indie,Space,Tactical RPG,Western,Cartoony",2536 pуб.,mac win linux
Open World Game: the Open World Game,Adventure Games,"(2,286 reviews)",Mostly Positive,"19 Nov, 2019",Morning Person Games,"Open World,Free to Play,RPG,Satire,Indie,Adventure,Simulation,Psychological Horror,Memes,2D",free, win 
Rain World,Adventure Games,"(6,722 reviews)",Very Positive,"28 Mar, 2017",Videocult,"Atmospheric,Difficult,Survival,Platformer,Indie,Pixel Graphics,Exploration,2D,Adventure,Post-apocalyptic,Great Soundtrack,Open World,Cute,Singleplayer,Metroidvania,Action,Survival Horror,Souls-like,Physics,Stealth",167 pуб., win 
ARK: Survival Evolved,Action Games,"(452,924 reviews)",Very Positive,"27 Aug, 2017",Studio Wildcard,"Open World Survival Craft,Survival,Open World,Multiplayer,Dinosaurs,Crafting,Building,Adventure,Base Building,Co-op,Action,First-Person,Sandbox,Massively Multiplayer,Singleplayer,Early Access,RPG,Dragons,Sci-fi,Indie","1070,74 pуб.",mac win 
Don't Starve Together,"Indie Games,Klei Franchise","(244,386 reviews)",Overwhelmingly Positive,"21 Apr, 2016",Klei Entertainment,"Exploration,Open World Survival Craft,Survival,Sandbox,Crafting,Roguelite,Multiplayer,Difficult,Open World,2D,Horror,Adventure,Strategy,Atmospheric,Survival Horror,Funny,Action,Simulation,Online Co-Op,PvP","815,76 pуб.",mac win linux
Mount & Blade II: Bannerlord,Action Games,"(165,569 reviews)",Very Positive,"25 Oct, 2022",TaleWorlds Entertainment,"Medieval,Strategy,Open World,RPG,War,Multiplayer,Sandbox,Singleplayer,Action,Simulation,Character Customization,Moddable,Adventure,Horses,Realistic,Third Person,First-Person,Historical,Great Soundtrack,Early Access","1910,80 pуб.", win 
Terraria,Indie Games,"(837,309 reviews)",Overwhelmingly Positive,"16 May, 2011",Re-Logic,"Open World Survival Craft,Sandbox,Survival,2D,Multiplayer,Adventure,Crafting,Pixel Graphics,Building,Exploration,Co-op,Open World,Indie,Online Co-Op,Action,RPG,Singleplayer,Replay Value,Platformer,Atmospheric",free,mac win linux
The Forest,Action Games,"(363,542 reviews)",Overwhelmingly Positive,"30 Apr, 2018",Endnight Games Ltd,"Open World Survival Craft,Survival,Open World,Horror,Crafting,Adventure,Building,Survival Horror,First-Person,Action,Exploration,Sandbox,Atmospheric,Singleplayer,Simulation,Gore,Realistic,Indie,Early Access,Zombies",free, win 
Old World,"Strategy Games,Hooded Horse Franchise","(1,583 reviews)",Very Positive,"18 May, 2022",Mohawk Games,"Strategy,Simulation,Grand Strategy,Historical,Turn-Based Strategy,4X,Management,Sandbox,War,Military,Tactical,Singleplayer,Multiplayer,Co-op,Action,Moddable,Diplomacy,Turn-Based,Alternate History,Replay Value",1199 pуб.,mac win linux
